subject_code,title
ENG2001,영문학개론
ENG2003,언어학개론
ENG2005,영국문화사
ENG2007,영미수필
ENG2009,영미단편소설
ENG2101,영문학작문
ENG2103,작문과수사학
ENG2106,시사영문강독
ENG3007,낭만주의시대의영문학
ENG3009,빅토리아시대의영문학
ENG3101,현대시
ENG3107,현대미국소설
ENG3213,여성문학
ENG3214,영어권아동/청소년문학
ENG3222,소설의기원과발달
ENG3228,여행문학
ENG3302,영어형태론
ENG3304,영어음운론
ENG3307,영어의미론
ENG3312,언어와사회
ENGG004,19세기영국문학프로세미나
ENGG231,제2언어습득론입문:이론과적용
HIS2002,현대세계의역사적이해
HIS3003,조선시대사
HIS3006,중국고대사
HIS3008,중국근세사
HIS3013,일본현대사
HIS3020,오리엔트문명사
HIS3032,프랑스사개설
HIS3033,러시아혁명사
HIS3040,한국사개론Ⅱ
HIS3044,한국제도사
HIS3045,한국사회신분사
HIS3050,한국미술사
HIS3055,동아시아사개론II
HIS3058,동서교류사
HIS3062,서양사개론Ⅱ
HIS3071,문화유산현장실습2
HIS4002,한국사특강2
HIS4007,한국사강독3
HIS4014,서양사특강3
HIS4018,서양사명저해제2
HIS4031,역사글쓰기
HISQ983,역사교과교재연구및지도법
PHI2001,철학개론
PHI2004,한국철학사
PHI2007,인식론
PHI2008,윤리학
PHI3004,서양현대철학사
PHI3013,현대독일철학
PHI3042,한국성리학
PHI4013,현대미국철학
PHI4016,동양철학특강
PHI4024,과학기술의철학
PHI4035,예술철학특강
PHI4099,개별연구논문
PHIG081,서양철학연습
PHIG082,동양철학읽기
MAT1060,미적분학실습II
MAT2110,선형대수학
MAT2120,정수론
MAT2220,고등미적분학II
MAT2230,미분방정식
MAT2420,응용수학II
MAT3020,통계학입문
MAT3310,현대기하학
MAT3410,확률론입문
MAT3420,금융수학
MAT4120,추상대수학II
MAT4220,복소수함수론II
MAT4320,위상수학개론I
MAT4331,산업수학종합설계
MAT4510,학부개별연구
MATG110,고급선형대수학
MATG220,실해석학II
MATQ982,수학교과논리및논술
MATQ983,수학교과교재연구및지도법
PHY1001,일반물리I
PHY1002,일반물리II
PHY1102,일반물리실험II
PHY2002,역학II
PHY2003,전자기학I
PHY2004,전자기학II
PHY2006,수리물리학II
PHY2007,전자물리학I
PHY2009,현대물리학
PHY2102,실험물리학II
PHY3002,양자물리학II
PHY3004,통계물리학
PHY3102,실험물리학Ⅳ
PHY4002,고체물리학II
PHY4008,전산물리학II
PHY4011,천체물리학
PHY4201,특수연구
PHY4203,물리특허와기술이전
PHY4204,졸업프로젝트
PHYG003,통계역학
ECO2001,경제학원론I
ECO2002,경제학원론II
ECO2003,경제수리기초
ECO2004,경제통계학
ECO2005,경제정보분석
ECO2006,미시경제학I
ECO2007,거시경제학I
ECO2008,수리경제학
ECO2009,계량경제학I
ECO3002,노동경제학
ECO3004,도시경제학
ECO3005,환경경제학
ECO3007,농업경제학
ECO3008,금융경제학
ECO3009,공공경제학
ECO3010,국제무역론
ECO3011,국제금융론
ECO3017,국제경제학
ECO4001,미시경제학II
ECO4002,거시경제학II
ECO4004,경제수리통계학
ECO4005,게임이론
ECO4007,경쟁법과산업규제의경제학
ECO4008,금융정책
ECO4014,한국경제론
ECO4018,경제학특강1
ECO4020,경제학특강3
ECO4030,행동경제학
ECO4034,금융시장행태주의(behavioral)분석(캡스톤)
ECOG010,고급미시경제학I
ECOG020,고급거시경제학I
ECOG030,고급계량경제학I
ECOG040,고급수리통계학
EUR2203,초급독문강독
EUR2239,독일문화의이해
EUR3203,독작문1
EUR3232,독일고전주의문학
EUR3241,주제별독일문화
EUR4219,시청각독어2
EURG202,주제별독문학
BIO1101,일반생물학I
BIO1102,일반생물학II
BIO1106,일반생물학실험II
BIO2122,현대생물학실험II
BIO2130,기초생화학
BIO2132,생화학II
BIO2151,분자생물학
BIO2522,식물생명과학
BIO2701,환경과학론
BIO3124,현대생물학실험IV
BIO3161,유전학
BIO3711,미생물학
BIO4152,고급분자생물학
BIO4203,생명과학특허와기술이전
BIO4251,생물통계학
BIO4331,신경생물학
BIO4351,면역학
BIO4441,분자세포생물학
BIO4721,분자세포종양학
BIO4911,식물유전공학
BIO4921,특수연구
BIO4931,응용바이오기술실험
BIOG001,바이오텍의기술사업화종합설계
MGT2002,경영통계학
MGT2003,회계학원론
MGT3001,조직행동이론
MGT3002,경영정보시스템
MGT3003,생산관리론
MGT3004,재무관리
MGT3005,관리회계
MGT3006,마케팅원론
MGT3007,국제경영론
MGT4102,경영전략
MGT4105,기업윤리
MGT4106,인적자원관리
MGT4109,기업지배구조와기업전략
MGT4201,의사결정론
MGT4202,통계자료분석
MGT4203,경영과학
MGT4206,경영환경에서의시계열자료분석과예측(캡스톤디자인)
MGT4207,응용경영통계
MGT4208,웹데이터분석과응용
MGT4224,전자상거래개론
MGT4225,전사적자원관리소프트웨어활용
MGT4226,빅데이터와비즈니스인텔리젼스
MGT4227,지식경영과서비스혁신
MGT4229,미래창업을위한창의성과창의경영
MGT4241,기술경영
MGT4244,로지스틱스와생산전략
MGT4246,서비스기업운영관리론
MGT4248,비즈니스프로세스관리
MGT4301,투자론
MGT4304,포트폴리오관리
MGT4307,금융기관론
MGT4313,벤처와금융시장(캡스톤디자인)
MGT4315,재무와지속가능사회
MGT4331,보험학원론
MGT4332,기업리스크관리
MGT4401,중급회계1
MGT4402,중급회계2
MGT4404,원가회계
MGT4501,마케팅전략
MGT4502,소비자행동론
MGT4503,시장조사론
MGT4507,유통전략론
MGT4508,서비스마케팅
MGT4510,국제마케팅론
MGT4514,아시아마케팅전략(캡스톤디자인)
MGT4516,인공지능과마케팅
MGT4601,기업과국제환경
MGT4605,무역경영관리
MGT4607,국제금융시장론
MGT4613,중국시장및경영환경의이해
MGT4701,경영영어라이팅
MGT4712,"지식,인성그리고경영"
MGT4713,사회적가치창출프랙티컴
MGT4717,"지식,인성그리고경영(심화)"
KOR2001,국어학입문
KOR2200,국문학개설
KOR2201,문학이란무엇인가
KOR3002,국어음운론
KOR3003,국어의문장구조
KOR3004,국어형태론
KOR3015,국어사
KOR3302,고전소설텍스트읽기
KOR3303,고전수필론
KOR3405,현대시텍스트읽기II
KOR3410,희곡론
KOR4001,국어학연습
KOR4002,외국어로서의한국어교육
KOR4099,개별연구논문
KOR4504,문학과문화콘텐츠
KORG011,고전문학연구방법론
KORQ982,국어교과논리및논술
KORQ983,국어교과교재연구및지도법
CHM1001,일반화학I
CHM1002,일반화학II
CHM1052,일반화학실험II
CHM2102,기기분석
CHM2152,기기분석실험
CHM2201,물리화학I
CHM2203,물리화학III
CHM2252,물리화학실험II
CHM2302,유기화학II
CHM2332,유기화학특론II
CHM2351,유기화학실험I
CHM2402,무기화학II
CHM2451,무기화학실험
CHM2601,생화학I
CHM4052,창의적연구프로젝트설계
CHM4054,화학기기종합설계
CHM4203,화학특허와기술이전
CHMG201,고급물리화학I
CHMG302,고급유기화학II
EDUF981,외국어교과교육론
EDUS982,과학교과논리및논술
EDUS983,과학교과교재연구및지도
EEE1002,C언어기초
EEE2011,전자공학세미나I
EEE2052,디지털논리회로실험
EEE2102,전자장론II
EEE2104,고급공학수학II
EEE2108,공학프로그래밍
EEE2111,기초회로이론
EEE2120,물리전자공학I
EEE2153,신호및시스템
EEE3132,전자회로II
EEE3142,디지털제어
EEE3146,반도체공학I
EEE3149,디지털통신
EEE3163,고급디지털회로설계
EEE3178,컴퓨터아키텍쳐
EEE3182,고급전자회로실험
EEE4125,광전자공학
EEE4159,이동통신공학
EEE4161,인터넷통신망
EEE4168,마이크로프로세서시스템설계
EEE4169,VLSI시스템설계
EEE4174,기초초고주파회로해석
EEE4176,디지털신호처리응용
EEE4178,인공지능(딥러닝)개론
EEE4185,디자인프로젝트(종합설계)
EEEG274,IoT디바이스설계기술(캡스톤디자인)
POL2002,정치학개론
POL3068,한국의선거
POL3080,현대북한의정치
POL3094,정당과정당제
POL3107,고대중세정치사상
POL3122,소유와화폐의정치
POL3163,일본정치의이해
POL3167,정치발전과저발전의정치
POL3170,유럽정치의이해
POL3179,비교민주주의론
POL3184,정치심리학
POL3185,미국정치특강
POL4084,한반도정치론
POL4151,군사안보전략
POL4155,국제관계실무토론과글쓰기
CBE2002,창의설계
CBE2006,응용생물학
CBE2007,응용생화학
CBE2009,화공생명공학기초실험II
CBE2012,화공수학II
CBE3001,화공열역학
CBE3005,열및물질전달
CBE3006,공정제어
CBE3008,고분자물성
CBE3012,화공수학III
CBE3014,유전공학
CBE3016,화공생명공학요소실험II
CBE3301,연구프로젝트Ⅰ
CBE4001,화공생명공학심화종합설계
CBE4005,촉매공학
CBE4010,화공재료
CBE4011,전기화학
CBE4016,석유화학공학
CBE4017,화공생명공학공정실험
CBE4018,산업미생물공학
CBE4019,기능성고분자화학
CBE4021,나노기술의이해
EUR2302,쉬운프랑스어읽기
EUR2304,프랑스어문법2
EUR3320,시청각프랑스어1
EUR3322,시청각프랑스어3
EUR3323,프랑스어작문1
EUR3341,프랑스문학개론
EUR3348,프랑스시
EUR3360,프랑스의지방문화들
REL2001,종교의이해
REL2012,종교학답사III
REL3006,고대근동의종교
REL3010,현대사회와이슬람교
REL3021,도교강독
REL3024,그리스도교강독
REL3027,종교현상학
REL3028,종교인류학
REL3029,종교심리학
REL3038,종교와젠더
SOC2001,사회학개론
SOC2004,사회통계학
SOC3006,사회변동론
SOC3011,도시사회학
SOC3013,현대가족연구
SOC3017,예술사회학
SOC3018,일상생활의사회학
SOC3019,교육사회학
SOC3020,세계화와후기산업사회
SOC3032,현대사회와세대문제
SOC3034,국제이주와초국가주의
SOC3051,시장과사회
SOCG010,사회학글쓰기
CSE2003,기초공학설계
CSE2035,C프로그래밍
CSE3006,이산구조
CSE3013,컴퓨터공학설계및실험I
CSE3015,디지털회로개론
CSE3016,컴퓨터공학실험II
CSE3040,JAVA언어
CSE3080,자료구조
CSE3081,알고리즘설계와분석
CSE4011,임베디드컴퓨터구조
CSE4060,데이터통신개론
CSE4070,운영체제
CSE4085,자동장치이론
CSE4095,파일처리
CSE4152,고급소프트웨어실습I
CSE4177,인터넷프로그래밍및응용
CSE4178,기초SOC설계
CSE4181,SW경제성분석및창업
CSE4185,기초인공지능
CSE4186,캡스톤디자인I
CSE4187,캡스톤디자인II
CSEG311,대화형사용자인터페이스개론
CSEG414,병렬분산컴퓨팅
CSEG601,공간데이터관리및응용
CSEQ982,컴퓨터학교과교재연구및지도법
CSEQ983,컴퓨터학교과논리및논술
MEE1005,C프로그래밍기초
MEE2007,공학수학II
MEE2008,공학설계개론
MEE2012,유체역학I
MEE2013,동역학
MEE2014,디자인과재료
MEE2025,모형설계제작
MEE2026,2DCAD
MEE3002,열역학II
MEE3003,진동학
MEE3005,공학수치해석
MEE3011,부품설계
MEE3012,자동차동력공학
MEE3015,설계방법론(캡스톤디자인)
MEE3025,기계공학실험I
MEE3301,연구프로젝트Ⅰ
MEE4001,유한요소해석
MEE4016,바이오모방공학개론
MEE4021,창의적종합설계
MEE4047,기계공학세미나
MEEG005,연속체역학
MEEG012,전산유체역학
MEEG019,공정설계의CAE
MEEG032,전산열전달
AMC2020,문화와글쓰기
AMC2031,미국학입문
AMC2033,미국문화사
AMC2037,미국의아이콘들
AMC3035,아메리칸드림
AMC3045,시각예술
AMC3057,SF문학과영화
AMC3080,미국의다문화주의
AMC4105,포스트모더니즘과탈식민주의
AMC4130,1960년대의저항문화
AMC4140,미국영화세미나
AMCG001,미국사상연구
CHI2001,전공기초중국어1
CHI2003,기초한문
CHI2007,중국문학의세계
CHI3002,중국어작문1
CHI3003,중국어3
CHI3005,고급중국어
CHI3006,중국시사
CHI3013,중국의공연예술
CHI3032,루쉰과현대
CHI4002,제자백가의이해
CHI4007,중국어통번역
CHI4009,중국미디어와도시
CHI4014,글로벌라이제이션과중국
PSY2001,일반심리학
PSY2003,발달심리학
PSY3001,임상심리학
PSY3002,상담심리학
PSY3009,사회심리학
PSY3011,청년심리학
PSY3014,학습심리학
PSY3016,동기및정서심리학
PSY3020,아동청소년상담과심리치료
PSY3025,개인차의심리학
PSY4002,심리검사및측정
PSY4016,조직심리학
PSY4019,독서심리학
PSY4036,발달정신병리학
PSY4043,계량심리학세미나
CHS2001,한국문화와역사
CHS2002,현대한국의형성
CHS2003,현대동아시아의형성
CHS2004,현대서양의형성
CHU4005,인물로본중국사
CHU4007,인물로본서양사
CHU4011,영화로본역사
CHU4013,문학작품으로읽는한국사
CHU4018,이주의역사
COR1003,영어글로벌의사소통I
COR1005,영어글로벌의사소통I(고급)
COR1009,컴퓨팅사고력
COR1012,인문사회글쓰기
COR1013,자연계글쓰기
COR1014,한국어글쓰기
COR1015,알바트로스세미나
ETS2001,현대세계와윤리문제
ETS2002,논리와비판적사고
ETS2003,철학산책
ETS2004,종교와세계문화
ETU4010,한국문화와종교
ETU4016,"종교,폭력,평화"
ETU4018,행복의추구
HFS2001,철학적인간학
HFS2002,신학적인간학
HFS2003,그리스도교윤리
HFU4009,영성과문화예술
HFU4012,그리스도교신앙과영성
HFU4014,영성수련
HFU4023,진·선·미·성
HLU4001,영양과다이어트
HLU4004,수영
HLU4006,요가
HLU4007,테니스
HLU4009,배드민턴
HLU4011,농구
HLU4013,축구
HLU4014,야구
HLU4015,골프
HLU4102,테니스II
HSS3002,사회봉사
HSS3005,수화의이해
HSS3011,영어토론세미나
HSS3013,현대인문세미나
HSS3016,진로탐색입문
HSS3017,학습매니지먼트
HSS3019,세계를간다
HSS3021,인간과지성
HSS3024,글로벌기업CEO특강
HSS3025,진로탐색심화
HSS3026,SOFEX100동아시아와예수회교육
KCS1001,한국문화의이해와체험
KCS1002,한국문화의이해와탐색
LAU4003,언어의이해
LAU4006,문학과판타지
LAU4008,다매체시대의고전읽기
LAU4015,서양미술의역사와감상
LAU4022,서양대중음악의이해
LAU4031,영화로보는복식사(복식사와영화의상)
LAU4036,드로잉-선을통한사고와표현
LAU4037,동양화그리기
LAU4052,아시아의미술과문명
LCS2001,독일언어와문화I
LCS2002,독일언어와문화II
LCS2003,프랑스언어와문화I
LCS2004,프랑스언어와문화II
LCS2005,중국언어와문화I
LCS2006,중국언어와문화II
LCS2007,일본언어와문화I
LCS2008,일본언어와문화II
LCU4011,고급영어회화
LCU4015,영화를통한영어연습
LCU4017,비즈니스영어연습
LCU4018,연극을통한영어연습
LCU4035,초급러시아어
LCU4103,기본영어
LCU4105,초급아랍어
LCU4107,튜터링을통한글쓰기능력신장
LED3002,리더십훈련
LED3010,발표와토론
ROT4002,안전및조직관리사례연구
ROT4004,조직리더십사례연구
SHS2001,현대사회의이해
SHS2002,한국과세계
SHS2002,한국과세계(중국어강의)
SHS2003,커뮤니케이션과사회
SHS2004,경제와사회
SHS2005,법과지식산업
SHS2007,생활속의심리학
SHU4001,북한의이해와통일후한국
SHU4006,인권과정의
SHU4023,성의식과인간이해
SHU4027,영화로사회읽기
SHU4031,인권과교육
SHU4054,인간관계의심리와대인관계기술
SHU4058,내가설계하는최고의인문학강의(스탈링스)
SHU4063,4차산업혁명과기업가정신
SHU4067,동남아시아현대사회의이해
SHU4068,한중정치사회의이해(중국어)(중국어강의)
SHU4071,기업으로본아시아현대사회
SHU4072,현대아시아도시사회의이해
STS2001,자연과인간
STS2002,생명과환경
STS2004,대학수학
STS2006,미적분학II
STS2008,고급응용C프로그래밍
STS2010,과학사
STS2011,기초빅데이터프로그래밍
STU4004,생명의신비
STU4005,바다의이해
STU4010,건강과한의학
STU4011,우주와원자시대
TLS1001,독서와토론
TLS1002,비평적글쓰기연습
TLS1003,스토리텔링글쓰기연습
TLS1004,영어글로벌의사소통II
ZKAP001,학문을위한한국어 I
ZKAP002,학문을위한한국어 II
ZKAP003,학문을위한한국어 III
ZKAP004,학문을위한한국어 IV
ZKAP005,학문을위한한국어 V
EDU2001,교육학개론
EDU2002,교육철학및교육사
EDU2003,교육심리
EDU2004,교육방법및교육공학
EDU3001,교육과정
EDU3002,교육행정및교육경영
EDU3033,교육사회
EDU3035,교육봉사활동
EDU3037,생활지도및상담
EDU3039,교육연구법
EDU3045,특수교육학개론
EDU3046,교직실무
JPN2001,중급일본어I
JPN2003,미디어일본어
JPN2004,일본어회화
JPN2011,일본소설강독
JPN2014,일본문화특강II
JPN4005,일본문학특강
JPN4011,일본사회특강
GES2002,여성학개론
GES3007,여성과정치
GES3012,여성과대중문화
GES3019,성과사랑
GES3021,상담과젠더
GESG002,여성학연구방법론
PEP2000,"현대문명의정치,경제,철학적이해"
BNT3002,바이오융합기술프로젝트II
BNTG006,바이오기술과투자기초
BNTG009,생물물리화학
BNTG010,기술경제금융정책
BNTG031,지식재산권과특허
BNTG032,의공학개론II
SPM3001,운동처방
SPM3004,스포츠프로모션
SPM3007,스포츠사회학
SPM3009,스포츠마케팅
SPM3013,스포츠정치철학
SPM3015,서사적체육:스포츠와스토리텔링
SPM3101,스쿠바다이빙
SPM3113,댄스스포츠I
SPM3114,댄스스포츠II
SPM3116,태권도
SPM3119,파워요가
SPM3120,댄스피트니스
PUB2001,법과정의
PUB2005,법과현대사회
PUB3003,법치행정의이해
PUB3004,재산관계와법I
PUB3006,가족관계와법
PUB3007,민사분쟁처리와법
PUB3008,범죄와형벌의이해
PUB3010,기업과법
PUB3012,국가와법
PUB3015,소유권과법
PUB3019,미국의법체계와소송
PUB4001,국제사회와법
PUB4002,환경과법
PUB4010,형사절차의이해Ⅱ
AAT3004,Intro to Sonic Art
AAT3005,Visual Design
AAT3007,Intro to Web Development
AAT3008,Creative Algorithms
AAT3009,Sound Design
AAT3010,Visual Story
AAT3015,3D Modeling Studio
AAT3016,UI/UX Design
AAT4004,Media Arts Studio
AAT4005,Game Studio
AAT4006,3D Animation Studio
SUA2003,창의적문제해결과신제품개발(스타트업)
SUA2005,실전스타트업(캡스톤디자인)
SUA4003,벤처창업과투자유치실습
CSW2020,기초Java언어
CSW2030,자료구조입문
CSW2040,정보사회와인문학
CSW2050,코퍼스언어학
CSW2060,인문콘텐츠학
CSW3030,데이터베이스입문
CSW4010,융합소프트웨어종합설계
KIC3004,국제개발협력과NGO
KIC3005,국제개발협력의주요의제
EUR2101,유럽문화와상호문화소통
EUR4109,주제별유럽문화연구
EURG212,독일어문장구조의이해
EURG307,불어학연구
MAS1003,The art of storytelling
MAS1004,Data&AI
MAS2004,인간소통과미디어
MAS3001,미디어커뮤니케이션조사론
JAS3001,저널리즘개론
JAS3003,네트워크사회와미디어
JAS3005,대중문화론
JAS3006,융합적 미디어 글쓰기
JAS3007,광고4.0
JAS3009,광고카피라이팅과전략적글쓰기
JAS3011,PR글쓰기와실무
JAS3013,PR이론과실제
JAS4011,마케팅커뮤니케이션과시장읽기
JAS4012,벤처마케팅커뮤니케이션
JAS4018,기계학습기반의텍스트마이닝
JAS4022,매스컴효과론
JAS4030,마케팅PR
JAS4032,소셜미디어와글로벌소비자행동
MAE2001,미디어&엔터테인먼트개론
MAE2003,영상제작[캡스톤디자인]
MAE3001,매스커뮤니케이션
MAE3002,"미디어,인간,사회"
MAE3004,영화입문
MAE3007,드라마의창조적해석
MAE3014,커뮤니케이션학입문
MAE4003,엔터테인먼트 심리학
MAE4012,초지능사회론
MAE4018,단편영화제작 워크숍[캡스톤디자인]
MAE4020,세계연극사
MAE4021,공연의미학과이론
MAE4023,연출입문
MAE4030,뮤지컬창작심화(캡스톤디자인)
MAE4032,디지털미디어정책론
MAE4035,모바일커뮤니케이션
AAT2002,Humanities & creativity
AAT2003,Intro to Digital Arts
AAT2004,Intro to Creative Computing
AAT2005,Creative Capstone Project I
AAT2006,Creative Capstone Project II
AAT3012,Intro to Storytelling
AAT4015,졸업창작프로젝트I
AAT4016,졸업창작프로젝트II
AAT4017,졸업창작프로젝트III
GKS2001,Introductory Seminar in Korean Studies
GKS2003,Understanding Korean History in the Context of Time/Space
GKS2004,Capstone 1: Korean Studies in Practice
GKS2005,AdvancedAcademicWritinginKoreanStudies
GKS3005,Globalisation and Korean Development
GKS3024,Korean Language&Culture-Intermediate
GKS3030,Korean Language&Culture-Advanced
GKS4009,Introduction to Exploratory Machine Learning
GKS4011,The Medium of Korean Cultural Modernity
GKS4013,Filming Korea: Korean Historians Behind the Camera
GKSG007,Big Data Analysis in Korean Studies
BDS4010,빅데이터종합설계
AIC4011,인공지능종합설계Ⅱ
KSC1001,대학생활을위한학문적읽기
KSC1002,대학생활을위한비판적쓰기
KSC1003,대학생활을위한전략적듣기
KSC1004,대학생활을위한논리적말하기
KSC2001,한국문화이해를위한학문적읽기
KSC2002,한국문화이해를위한비판적쓰기
KSC2003,한국문화이해를위한전략적듣기
KSC2004,한국문화이해를위한논리적말하기
KSC3001,한국사회이해를위한학문적읽기
KSC3002,한국사회이해를위한비판적쓰기
KSC3003,한국사회이해를위한전략적듣기
KSC3004,한국사회이해를위한논리적말하기
KSC4006,한국정치의이해
KSC4007,한국사회변동
KSC4009,한국전통문화의이해
KSC4010,남북한관계론
ENG3008,초기영국소설
ENG3010,빅토리아시대의소설
ENG3012,초기및19세기미국소설
ENG3102,현대서양문학
ENG3106,현대미국희곡
ENG3108,최근미국문학
ENG3207,영어권대중문학
ENG3216,영문학특강
ENG3223,시와문화
ENG3227,문학과예술
ENG3301,영어음성학
ENG3305,영어화용론
ENG3306,영어통사론
ENG3319,언어조사및분석
ENG3412,영어연설과원고작성법
ENGG282,영어논리/논증적글쓰기의이론과실제
ENGG284,글쓰기문법과논리적사고
HIS2003,한국사개론Ⅰ
HIS2004,동아시아사개론Ⅰ
HIS2005,서양사개론Ⅰ
HIS2006,역사학입문
HIS3007,중국중세사
HIS3012,근대일본의형성
HIS3018,아시아지역사특강1
HIS3023,르네상스와종교개혁사
HIS3028,서양현대사
HIS3029,20세기세계사
HIS3039,한국사학사
HIS3042,한국정치사
HIS3053,한국여성사
HIS3056,중국사상사
HIS3060,동아시아의국제질서
HIS3070,문화유산현장실습1
HIS4005,한국사강독1
HIS4012,서양사특강1
HIS4017,서양사명저해제1
HISG105,한국제도사연습
HISQ981,역사교과교육론
HISQ982,역사교과논리및논술
PHI2002,동양철학개론
PHI2003,서양철학사
PHI2005,논리학개론
PHI2006,형이상학
PHI3003,서양근대철학사
PHI3010,영국경험론
PHI3014,미학개론
PHI3023,분석철학
PHI3033,"선진,한철학사"
PHI3035,"송,명,청철학사"
PHI3037,도가철학
PHI4010,실용논리
PHI4011,그리스철학특강
PHI4025,철학과문학
PHI4036,동양철학의원리
PHIQ981,철학교과논리및논술
MAT1050,미적분학실습I
MAT2010,집합론
MAT2210,고등미적분학I
MAT2410,응용수학I
MAT2510,푸리에해석및응용
MAT3110,이산수학
MAT3430,응용통계학및실습
MAT3450,계산수학및실습
MAT4110,추상대수학I
MAT4210,복소수함수론I
MAT4310,미분기하학
MAT4330,위상수학개론II
MATG210,실해석학I
MATQ981,수학교과교육론
PHY1101,일반물리실험I
PHY2001,역학I
PHY2005,수리물리학I
PHY2101,실험물리학I
PHY3001,양자물리학I
PHY3003,열역학
PHY3101,실험물리학III
PHY3501,물리캡스톤디자인I
PHY4001,고체물리학I
PHY4003,현대광학I
PHY4005,기초입자이론I
PHY4016,디스플레이물리
PHY4202,물리학특강
PHYG001,고전물리I
ECO3001,산업경제학
ECO3021,경제성장론
ECO4006,정보경제학
ECO4009,파생상품시장
ECO4010,국제금융시장
ECO4019,경제학특강2
ECO4021,경제학특강4
ECO4032,금융시장계량분석(캡스톤디자인)
EUR2201,기초독어
EUR2206,독문법1
EUR3205,중급독어회화
EUR3216,독어학의신세계
EUR3225,독일단편소설
EUR3234,독일문학과성담론
EUR3235,독일문학과연극
EUR3245,독일문화사
EUR4207,시사독일어
BIO1105,일반생물학실험I
BIO2121,현대생물학실험I
BIO2131,생화학I
BIO2141,세포학
BIO2311,생명유기화학
BIO2350,숙주미생물상호작용
BIO2601,유전자클로닝개론
BIO3123,현대생물학실험III
BIO3212,생명공학개론
BIO3311,발생학
BIO3712,미생물생리학
BIO4252,암생물학
BIO4321,인체생리학
BIO4521,식물발달생물학
MGT3005,관리회계(중국어강의)
MGT4101,경영전략시뮬레이션
MGT4103,조직구조와전략
MGT4204,시뮬레이션
MGT4221,경영과정보기술
MGT4222,모바일통신경영
MGT4243,경영품질의이해
MGT4247,공급체인관리와e-business
MGT4303,파생상품론
MGT4308,벤처캐피탈과투자분석(캡스톤디자인)
MGT4310,가치평가이론과실무
MGT4403,고급회계
MGT4505,브랜드전략론
MGT4513,마케팅최신주제및사례연구
MGT4515,빅데이터마케팅(캡스톤디자인)
MGT4604,국제경영전략
KOR3005,국어의미론
KOR3006,국어방언론
KOR3010,중세국어강독
KOR3201,한문I
KOR3203,구술문학론
KOR3209,문학주제학
KOR3307,고전소설론
KOR3312,전통연희론
KOR3401,현대시텍스트읽기I
KOR3413,영상문학론
KOR4400,현대문학연습
KOR4500,국어와생활
KORQ981,국어교과교육론
CHM1051,일반화학실험I
CHM2101,분석화학
CHM2151,분석화학실험
CHM2202,물리화학II
CHM2231,물리화학특론
CHM2251,물리화학실험I
CHM2301,유기화학I
CHM2303,유기화학III
CHM2331,유기화학특론I
CHM2352,유기화학실험II
CHM2401,무기화학I
CHM2501,고분자화학
CHM2602,생화학II
CHM2651,생화학실험
CHM4051,연구프로젝트I
CHM4055,첨단화학캡스톤디자인
CHMG101,고급분석화학
CHMG301,고급유기화학I
CHMG401,고급무기화학
EDUF982,외국어교과논리및논술
EDUF983,외국어교과교재연구및지도법
EDUS981,과학교과교육론
EEE2012,전자공학세미나II
EEE2051,기초전자공학실험
EEE2101,전자장론I
EEE2103,고급공학수학I
EEE2112,회로이론
EEE2135,디지털회로설계
EEE3121,물리전자공학II
EEE3131,전자회로I
EEE3141,자동제어개론
EEE3148,통신공학개론
EEE3154,랜덤프로세스
EEE3181,전자회로실험
EEE4147,반도체공학II
EEE4160,컴퓨터통신
EEE4162,반도체집적회로해석및설계
EEE4165,디지털영상처리개론
EEE4167,마이크로프로세서개론
EEE4171,데이터통신시스템
EEE4173,초고주파공학
EEE4175,디지털신호처리개론
EEE4183,마이크로프로세서응용실험
EEEG273,나노반도체소자공정실무와특허사례(캡스톤디자인)
POL3081,남북한관계의이해
POL3098,의회정치론
POL3100,정치사상의이해
POL3108,근대정치사상
POL3112,문화와정치
POL3130,국제정치론
POL3132,동북아정치질서
POL3141,현대국제기구의이해
POL3161,비교정치론
POL3162,미국정치의이해
POL3172,동아시아지역협력과갈등
POL3173,동남아정치의이해
POL3182,정치경제론
POL4083,북한정치특강
POL4096,정치와언론
POL4147,국제관계특강
CBE2003,화공생명공학양론
CBE2004,물리화학
CBE2005,응용유기화학
CBE2008,화공생명공학기초실험I
CBE2011,화공수학I
CBE3002,공정열역학
CBE3003,반응공학
CBE3004,화공유체역학
CBE3007,고분자공학
CBE3013,응용분자생물학
CBE3015,화공생명공학요소실험I
CBE4003,이동현상
CBE4004,분리정제공정
CBE4007,공정공학
CBE4008,반도체공정
CBE4013,생물화학공학
CBE4020,에너지공학
CBEG005,화공산업과기술경영-기업가정신
EUR2303,프랑스어문법1
EUR2315,프랑스문화의이해
EUR3321,시청각프랑스어2
EUR3324,프랑스어작문2
EUR3340,프랑스문학강독1
EUR3346,프랑스18세기문학
EUR3349,프랑스극문학
EUR4381,시청각프랑스어4
EUR4383,프랑스어토론
REL2002,세계종교입문
REL3001,힌두교의이해
REL3009,도교의중심사상
REL3013,한국그리스도교의이해
REL3023,신화의이해
REL3036,비교신비주의
RELG005,한국유교사
SOC2002,인류학개론
SOC2003,사회조사방법론
SOC2006,사회학사
SOC3001,문화사회학
SOC3003,사회심리학
SOC3010,사회발전론
SOC3012,성과사회
SOC3030,"지식,문화,권력"
SOC3033,이미지와상상력의사회학
SOC3041,세계사회의형성과발전
SOC3047,한국사회사
SOC3054,정보사회학
CSE2009,컴퓨터공학및정보통신개론
CSE3030,어셈블리프로그래밍
CSE3050,컴퓨터공학세미나Ⅰ
CSE4010,컴퓨터구조와논리I
CSE4050,프로그래밍언어
CSE4100,시스템프로그래밍
CSE4110,데이터베이스시스템
CSE4115,소프트웨어공학
CSE4116,임베디드시스템소프트웨어
CSE4120,기초컴파일러구성
CSE4170,기초컴퓨터그래픽스
CSE4175,기초컴퓨터네트워크
CSE4188,암호학기초
CSEQ981,컴퓨터교과교육론
MEE2006,공학수학I
MEE2011,고체역학
MEE2022,열역학I
MEE3001,재료거동학
MEE3004,생산공정
MEE3006,기계공학해석
MEE3013,자동제어
MEE3022,유체역학II
MEE3026,기계공학실험II
MEE3032,열전달
MEE4002,냉동및공기조화
MEE4004,3D-CAD
MEE4011,최적설계및실습
MEE4014,MEMS설계제작
MEE4015,바이오역학
MEE4022,신재생에너지공학개론
MEE4032,미소열유체역학
MEEG018,시스템모델링및해석
MEEG111,실험계획법과통계분석
AMC2014,번역연습
AMC3040,대중음악
AMC3055,미국영화주제연구
AMC3056,세계속의미국영화
AMC3065,세계속의미국문화
AMC4099,논문세미나
AMC4125,인간과과학기술
AMC4155,미국아시아계문화
AMC4199,미국문화세미나
CHI2006,"오늘의중국,중국인"
CHI2011,중국학입문
CHI3001,중국어회화1(중국어강의)
CHI3009,빅데이터로본중국사회
CHI3011,중국고전시의세계
CHI3014,중국고전명문산책
CHI3017,중국어문법의이해
CHI3018,중국언어의이해
CHI3019,중국언어로보는중국문화
CHI3025,영화와현대중국
CHI3028,사서와현대인의수양
CHI4003,중국문학사(중국어강의)
CHI4012,현대중국:구조와쟁점
PSY2002,심리통계
PSY2004,인지심리학
PSY3008,성격심리학
PSY3010,인사심리학
PSY3012,생리및생물심리학
PSY3022,다문화심리학
PSY4001,이상심리학
PSY4003,현대심리치료
PSY4005,집단상담
PSY4007,진로상담
PSY4009,집단행동의심리학
PSY4014,유아및아동심리학
PSY4024,창의성의심리학
PSY4032,상담면접기법
PSY4041,판단과의사결정
PSY4042,직업심리학
CHS2006,역사란무엇인가
CHU4002,인물로본한국사
CHU4019,인물로본일본사
COR1007,성찰과성장1
COR1011,컴퓨팅사고력(고급)
COR1016,알바트로스세미나(경영)
ETU4003,직업과윤리
ETU4004,동아시아철학고전읽기
ETU4009,영화와철학
HFU4005,개인과공동체
HLU4003,운동과건강
HLU4016,춤과풍물
HLU4101,수영II
HSS3004,특수교육과장애의이해
HSS3012,동서고전세미나
HSS3027,공존의시대와세계시민교육
LAU4009,실무논술작법
LAU4014,한국미술의역사와감상
LAU4021,서양음악의역사와감상
LAU4029,세계음악과문화의이해
LAU4032,뮤지컬의이해
LAU4035,사진의이해
LAU4038,동양미술의이해
LAU4041,단소실습
LAU4044,기호학으로문화읽기
LCS2009,한국어와문화I
LCU4106,현대중동이해
LCU4115,영화로보는동남아시아
ROT4001,무관후보생교육I
ROT4003,무관후보생교육III
SHU4004,평화교육론
SHU4010,동남아시아전통사회의이해
SHU4019,삶과교육
SHU4024,결혼준비특강
SHU4028,인문지리
SHU4029,광고로사회읽기
SHU4050,국제개발협력의이해
SHU4052,세계대전의이해
SHU4057,공감의시대
SHU4066,베트남사회와문화
SHU4070,한국의공공외교
STS2005,미적분학I
STU4016,사상의학의이해
ZKAP006,학문을위한한국어 VI
EDU3034,학교현장실습
EDU3047,교육평가
JPN2002,중급일본어II
JPN2005,일본어작문
JPN2007,시사일본어
JPN2010,일본학개론
JPN2012,영화를통한일본이해
JPN3002,일본의법과사회
JPN3010,일본현지체험학습
GES2001,현대사회와여성
GES3005,여성과문학
GES3009,여성심리학
GES3010,남성문화연구
GES3017,여성학특강1
PEP2100,사회변동과제도의정치경제학
BNT3006,의공학개론I
BNT3091,특수연구I
BNTG003,기술과경제정책
BNTG005,바이오측정.기기
BNTG008,바이오융합산업기술
SPM3005,레크리에이션의이론과실제
SPM3008,스포츠커뮤니케이션
SPM3011,스포츠생리학
SPM3012,스포츠심리학
SPM3014,스포츠소비자행동론
SPM3103,패러글라이딩
SPM3104,필드골프I
SPM3105,필드골프II
SPM3106,체력트레이닝
PUB2004,법적사고와논리
PUB3001,국민의기본적권리에대한이해
PUB3005,재산관계와법II
PUB3009,형사절차의이해
PUB3014,계약과법
PUB3018,미국사회와법
SUA2004,기업가정신과사업기회포착
SUA4005,기업과지식재산
CSW1010,IT개론
CSW2010,기초C언어
CSW3010,알고리즘입문
CSW3020,운영체제입문
CSW3040,소프트웨어공학입문
CSW3050,언어와통계
CSW3070,문화산업과스토리텔링
CSW4020,정보처리및자연언어처리
KIC2003,개발경제론
KIC3016,국제개발협력실습II
EUR2102,유럽예술감상
EUR3107,유럽의정치와제도
MAS1001,지식융합미디어입문
MAS1002,Creativity & Visual Expression
MAS1005,Critical Thinking for Social Inquiry
MAS2005,시각과음향의향연
MAS2010,Fundamentals of Computer Science for Korean Studies
JAS3004,영상문화와사회
JAS3008,PR의이해
JAS3010,헬스커뮤니케이션과디지털미디어
JAS3012,텔레비전론
JAS3014,창의적말하기와글쓰기
JAS4003,미디어문화사
JAS4006,광고커뮤니케이션과소비자심리분석
JAS4007,미디어와위기커뮤니케이션
JAS4013,미디어콘텐츠포맷론:Youtube이론및실습
JAS4014,데이터마이닝
JAS4016,IMC캠페인실습
JAS4017,전략커뮤니케이션기획실습
MAE2002,연극과엔터테인먼트
MAE3006,뮤지컬프로덕션
MAE3008,미디어엔터테인먼트 기획론
MAE3009,미디어엔터테인먼트조직과산업의이해
MAE3012,세계영화사
MAE4009,각색 워크샵
MAE4017,디지털콘텐츠기획[캡스톤디자인]
MAE4026,고급영화제작
AAT2001,Intro to Art & Technology
AAT3001,Modern & Contemporary Art
AAT3003,Digital Fabrication(Capstone design)
AAT3006,Spatial Dynamics
AAT4002,Web Studio
AAT4003,Live Performance Studio
AAT4007,Storytelling Workshop
AAT4011,Immersive Media Studio
GKS3002,Intro to Korea thru Literature and Film
GKS3003,Intro to Korean Sociolinguistics
GKS3004,Formation of Modern Korea
GKS3007,Topics in Korea Today
GKS3027,Korean Language and Culture-Beginner
GKS4012,"Seeing Korea: An Introduction to Image Generation, Processing & Computer Vision"
AIC4010,인공지능종합설계Ⅰ
KSC4001,한국대중문화의이해
KSC4002,영화로이해하는한국
KSC4003,한류와문화산업
KSC4004,한국의국제관계
ENG2002,영문학배경
ENG2004,현대영미문학
ENG2006,연극의이해
ENG2104,실용영문법
ENG3002,초기영문학
ENG3004,셰익스피어
ENG3011,19세기미국문학
ENG3104,현대영국소설
ENG3202,문학과환경
ENG3229,비교문학
ENG3309,언어와인지
ENG3407,대화분석
ENG3409,영어발음의이해
ENG4099,개별연구논문
ENGG002,중세르네상스영문학프로세미나
ENGG006,초기및19세기미국문학프로세미나
HIS2003,한국사개론
HIS2004,동아시아사개론
HIS3004,한국근대사
HIS3009,근대중국의개혁과혁명
HIS3014,일본사개설
HIS3021,서양고대사
HIS3022,서양중세사
HIS3026,민족주의와제국주의시대사
HIS3027,양차세계대전사
HIS3035,동유럽의역사와문화
HIS3041,한국사상사
HIS3073,문화유산현장실습4
HIS4001,한국사특강1
HIS4008,동양사특강1
HISG104,한국근대사연습
HISG202,동양중세사기초연습
PHI3006,아리스토텔레스철학
PHI3011,독일관념론
PHI3024,예술철학
PHI3026,심리철학
PHI3034,"위진,당철학사"
PHI3043,주자학
PHI3044,양명학
PHI4007,형이상학특강
PHIG083,서양철학읽기
ECO3003,기술경제학
ECO3012,개발경제학
ECO4022,경제학특강5
EUR2202,초급독어회화
EUR3209,독일어어휘연습
EUR3222,독문법2
EUR3231,독일문학사
EUR3246,독일의청년문화
EUR3251,독일현대소설입문
EURG203,독일문화이론
BIO3511,식물분자생리학
MGT2003,회계학원론(중국어강의)
MGT4104,리더쉽이론
MGT4230,비즈니스앱개발
MGT4245,정보화시대의기업경영과혁신
MGT4303,선물옵션투자론
MGT4309,고급재무이론
MGT4310,재무특강
MGT4406,세무회계
MGT4514,아시아마케팅
MGT4714,사회적기업창업과운영
KOR3002,국어의음운체계
KOR3202,한문II
KOR3204,국문학과전통문화
KOR3315,신화론
KOR3406,현대소설텍스트읽기II
KOR3407,희곡과공연
KOR4000,국어국문학특강
KOR4300,고전문학연습
KORG002,국어학자료연구
KORG021,현대문학연구방법론
COM2001,커뮤니케이션학입문
COM2002,인간커뮤니케이션
COM2003,매스커뮤니케이션
COM2004,커뮤니케이션조사론
COM3101,저널리즘개론
COM3102,방송원론
COM3103,창의적말하기와글쓰기
COM3119,미디어기호학
COM3125,데이터뉴스
COM3128,라디오제작(팟캐스팅 및 컨텐츠기획)
COM3201,광고커뮤니케이션
COM3202,PR의이해
COM3206,마케팅커뮤니케이션과시장읽기
COM3210,광고카피라이팅과전략적글쓰기
COM3214,PR작문
COM3215,PR캠페인기획실습
COM3216,쟁점및위기커뮤니케이션
COM3305,작품분석과해석
COM3307,공연의미학과이론
COM3314,단편영화제작
COM3402,디지털미디어테크놀로지개론
COM3404,텔레커뮤니케이션론
COM3409,미디어심리학
COM3421,TV제작
COM3427,ICT와지능정보사회
COM3437,스마트앱스비즈니스모델연구(캡스톤디자인)
COM4001,텍스트마이닝
POL2004,연구방법론
POL2005,"정치,행정과법"
POL3132,동북아정치질서(중국어강의)
POL3138,외교정책론
POL3153,한국외교사
POL3165,중국정치의이해
POL3168,특수지역연구
POL4169,비교정치특강
CBE3010,양자화학
EUR2301,기초프랑스어
EUR3343,프랑스언어학
EUR3364,프랑스문화강독1
EUR3372,프랑스및프랑스어권의영화
EURG302,프랑스대표작가연구
REL2010,종교학답사I
REL3004,중국종교의이해
REL3032,한국신종교의이해
REL3033,한국무교의이해
REL3035,불교와그리스도교의만남
REL3039,종교간의대화
REL3043,수양과명상
REL4099,개별연구논문
RELG001,종교연구방법론
SOC2007,이론과사회:현대에서포스트모던이론까지
SOC3002,문화이론
SOC3022,경제사회학
SOC3023,환경사회학
SOC3028,불평등의사회사
SOC3045,시대진단의사회학
SOC3053,사회학과기업현장의만남
SOC4001,졸업논문
SOCG007,사회통계학연습
SOCG011,고급데이터분석
MEE3012,내연기관
MEE4023,로봇설계및제어
MEEG017,미소열유체공학
AMC3041,미국음악장르연구
AMC3070,문화적정체성
AMC3077,미국서부
AMC3087,각년대의미국문화
AMC3095,환경과미국문화
AMC4100,모더니즘과사회변화
AMC4120,문화와정치
AMC4150,미국원주민계문화
CHI2002,전공기초중국어2
CHI3004,중국어4
CHI3007,중국어회화2
CHI3010,중국문화텍스트읽기
CHI3023,그림속의중국
CHI3026,중국의대중문화
CHI4001,문화연구주제특강
CHI4010,중국근현대인물과사상
CHI4099,개별연구논문
CHIG003,문화연구서설
PSY3013,지각심리학
PSY4025,심리학연구방법론
CHU4016,한국사와유교문화
COR1001,읽기와쓰기
COR1003,글로벌의사소통I
ETU4001,환경윤리
ETU4006,이성과신앙
ETU4008,삶과죽음
HFS2002,신학적인간학(중국어강의)
HFU4003,생명윤리
HFU4004,성서와생활
HFU4008,과학과종교
HLU4008,탁구
HSS3014,신입생세미나
LAU4001,현대사회와문학예술
LAU4018,한국건축사
LAU4042,자연과문화속의언어
LAU4045,치유서사창작론
LAU4046,연극과퍼포먼스
LAU4053,축제적연극의창작
LCS2010,한국어와문화II
LCU4021,초급라틴어
LCU4030,초급스페인어
LCU4109,글쓰기를위한기초인문학
LCU4110,문학예술과창의적글쓰기
LCU4111,해석과설득적글쓰기
LCU4113,사회학적참여관찰과글쓰기
LCU4114,중급아랍어
ROT4002,무관후보생교육II
ROT4004,무관후보생교육IV
SHS2006,기업과경영의이해
SHU4003,시민참여와시민교육
SHU4011,아프리카전통사회의이해
SHU4014,식량과사회
SHU4060,생명의사랑학
SHU4064,문제해결을위한효과적인정보탐색이란?
SHU4069,공공외교의이해
STU4007,지구과학
STU4012,물리학의세계
STU4023,우주와인생
TLS1004,글로벌의사소통II
TLS1005,영어읽기와토론연습
TLS1006,실용영어와발표연습
JPN2008,일본문학의이해
JPN2009,일본문화의이해
JPN2013,일본문화특강I
JPN3001,일본사회의이해
GESG003,여성운동사
BNT3001,바이오융합기술프로젝트I
BNT3092,특수연구II
SPM3006,스포츠경영특강
SPM3110,라켓볼
PUB3002,국가와통치구조에대한이해
PUB3017,형사정책과법
PUB4005,저작권의이해
KOS2102,Korean Language&History-Intermediate
KOS2203,Introduction to Korean Literature
KOS2204,Introduction to Korean History
KOS3004,The Mediums of Korean Cultural Modernity
KOS3006,East asian development Revisited
KOS3015,INTL.l Politics of Korean Peninsula
KOS4002,Thesis Writing
KOSG003,Reading Theories of Korean Development
KOSG007,한국학빅데이터분석
ANT2004,Drawing(Capstone design)
ANT2007,Foundation Seminar
ANT2010,Intro to Creative Computing
ANT2016,Spatial Dynamics
ANT2017,Programming Interactive Media
ANT3001,Content Business&Marketing(Capstone)
ANT3002,Intro to Storytelling
ANT3005,Live Performance Studio
ANT3008,Media Arts Studio
ANT3009,Game Studio I
ANT3010,3D Animation Studio I
ANT3012,3D Modeling Studio
ANT3014,UI/UX Design(Capstone design)
ANT3017,Sound Design
ANT4001,Visual Story
ANT4002,졸업창작프로젝트I
ANT4007,VFX Studio
ANT4009,Mobile Studio
ANT4010,졸업창작프로젝트III
ANT4013,Creative Capstone Project II
ANT4020,Creative Capstone Project I
SUA4010,스타트업사업운영실습
KIC2002,공적개발원조
EUR3106,유럽통합의역사
EUR4105,유럽의이주문화
ENG3105,최근영국문학
ENG3201,신화와문학
ENG3224,서양문학전통
ENG3308,심리언어학
ENG3314,모국어습득론(캡스톤디자인)
ENG3406,영문자서전창작
ENG3408,영어교육론
HIS2005,서양사개론
HIS3001,한국고대사
HIS3015,요동사
HIS3019,아시아지역사특강2
HIS3025,프랑스혁명과나폴레옹시대사
HIS3047,한일관계사
HIS3051,한국고고학
HIS3064,서양지성사1
HIS3072,문화유산현장실습3
HIS4011,동양사강독2
HIS4099,논문세미나
HISG106,역사자료연습I
PHI3005,플라톤철학
PHI3007,아우구스티누스철학
PHI3019,철학적신론
PHI3022,철학적인간학
PHI3029,종교철학
PHI4006,인식론특강
PHI4018,중국철학특강
MAT3440,통신수학
PHY4010,일반상대성이론
ECO3019,인구경제학
ECO4033,거시경제지표분석(캡스톤디자인)
EUR2224,독일문학의명작감상
EUR3202,시청각독어1
EUR3204,중급독문강독
EUR3208,비즈니스독일어
EUR3240,독일의일상문화
EUR3242,독일영화이해
EUR3244,독일어권문화탐방
EURG211,고급독어
MGT4110,기업윤리와실천적경영인재
MGT4308,재무사례분석(캡스톤디자인)
MGT4311,금융실무
MGT4704,CEO경영특강
MGT4709,기업과사회
KOR3213,기호학
KOR3311,동양고전의현대적해석
KOR3313,판소리연행론
KOR3403,현대희곡텍스트읽기
KOR3409,현대소설론
KOR4506,출판의이론과실제
KORG001,국어학연구방법론
KORG012,고전문학자료연구
COM2006,컨텐츠기획론
COM3111,대중문화론
COM3117,미디어문화사
COM3118,통일커뮤니케이션
COM3121,영상문화와사회
COM3127,방송시사예능포맷론
COM3204,광고와소비자심리
COM3205,PR전략과이론
COM3220,헬스커뮤니케이션
COM3301,연극입문
COM3302,영화입문
COM3303,세계연극사
COM3317,영상편집
COM3329,판타지콘텐츠창작
COM3428,모바일커뮤니케이션
COM3431,디지털콘텐츠서비스기획캡스톤디자인
POL3061,한국정치사
POL3111,정보사회의정치
POL3158,국제정치경제론
POL3165,중국정치의이해(중국어강의)
POL4095,여론조사와여론읽기
POL4114,한국현대정치사상사
POL4146,중국의외교정책
EUR3327,연극을통한프랑스어연습
EUR3361,프랑스어권의다문화
EURG303,프랑스문화특강
REL3005,일본종교의이해
REL3007,그리스도교의이해
REL3008,유교의중심사상
REL3019,힌두교강독
REL3044,그리스도교영성
REL3051,세계불교입문
RELG004,한국종교세미나
RELQ982,종교교과논리및논술
SOC3004,현대조직과리더십
SOC3024,정치사회학
SOC3027,일탈사회학
SOC3040,"다문화,시민,국가"
SOC3044,사회문제연구
SOC3048,역사사회학
SOCG009,연구방법실습(종합설계)
CSEG312,데이터마이닝
CSEG437,수치컴퓨팅및GPU프로그래밍
MEEG013,고급제어1
AMC2033,미국역사와문화
AMC3037,미국영웅
AMC3050,미국영화장르연구
AMC3058,팬터지문학과영화
AMC3090,성의문화
AMC3096,대중문화연구
CHI3001,중국어회화1
CHI3015,현대중국문학의이해
CHI3020,한자로읽는중국문화코드
CHI4005,중국문학주제특강
CHIG005,중국문학연구방법론
PSY3005,적응심리학
PSY4012,광고및소비자심리학
PSY4038,사회심리학세미나
COR1005,글로벌의사소통I(고급)
HFU4024,문학과영성
HSS3022,인간과영성
LAU4004,한문의이해
LAU4017,현대패션의이해
LAU4020,한국음악의역사와감상
LAU4034,대학합창
LAU4051,창의적연극만들기
LCU4025,초급이탈리아어
LCU4029,이탈리아사회와문화
LCU4039,러시아사회와문화
LED3013,국제적의사소통실습
LED3015,자기브랜드리더십
SHS2005,법과공학
SHU4015,사회복지의이해
SHU4054,자기표현의심리적이해
SHU4063,인간과기업가정신
STS2011,기초응용소프트웨어프로그래밍
STU4006,자연재해와우리사회
GESG001,여성학이론
BNTG001,바이오테크놀로지
SPM3108,호신술I
PUB3011,보험과법
KOS2007,Introductory Seminar in Korean Studies
KOS2008,데이터과학과한국학
KOS2112,Korean Language and history-Beginner
KOS2201,Intro to Korea thru Literature and Film
KOS2205,Topics in Korea Today
KOS3033,한국학세미나 : Labour and Development
ANT2001,Modern&Contemporary Art(Capstone design)
ANT2002,Content Planning & Development(Capstone)
ANT2003,Humanities & creativity
ANT2005,Computer Graphics
ANT2006,Intro to Art & Technology
ANT2009,Digital Fabrication(Capstone design)
ANT2011,Intro to Sound
ANT2015,Design
ANT3003,Web Studio
ANT3016,Creative Algorithms
ANT4004,Storytelling Workshop
ANT4006,졸업창작프로젝트II
ANT4008,Physical Computing Studio
ANT4012,Immersive Media Studio
SUA2005,실전스타트업(캐쉬클래스)
EUR3101,국제관계와유럽
EUR3196,유럽연극
EUR4399,프랑스문화개별연구논문
